#29551	#11118	4
#29552	#226073	5
#17901	#6529	5
#43624	#3917	5
#4556	#20837	0
#68106	#104727	5
#305028	#221831	5
#76442	#65173	5
#91205	#12133	0
#95030	#2512	0
#42241	#43858	5
#71315	#47743	4
#46002	#23270	0
#172202	#38759	4
#323330	#202433	3
#45593	#200958	0
#141639	#307791	5
#67027	#7393	0
#155348	#28500	0
#97980	#106435	5
#34412	#1498	5
#34147	#8723	5
#133029	#208682	5
#38702	#32383	4
#164887	#235780	5
#303474	#28201	0
#38704	#70737	5
#317607	#246122	5
#88455	#61582	5
#193489	#85139	0
#155124	#97534	0
#11423	#273717	0
#155128	#37558	0
#200148	#7224	0
#4790	#90311	5
#64825	#107289	5
#44408	#19908	3
#31644	#12867	0
#38677	#125248	0
#67802	#40800	5
#59828	#104388	5
#6173	#64832	5
#26600	#87848	0
#57521	#311167	5
#268438	#93761	5
#176343	#19769	2
#11517	#10281	0
#15858	#99340	5
#173795	#58664	5
#46228	#104019	0
#18499	#65659	0
#163943	#281555	0
#65409	#103096	5
#27080	#12767	0
#37408	#105454	0
#37140	#29214	5
#98067	#55289	5
#37496	#117	5
#6156	#207756	5
#19545	#35239	0
#115969	#50836	5
#75545	#3137	4
#74010	#30385	0
#18810	#19485	3
#170972	#115585	1
#75781	#8701	5
#95369	#111888	1
#14810	#29934	0
#146613	#31894	0
#184519	#63131	5
#156306	#53870	0
#60743	#552	0
#94765	#42687	5
#39506	#135324	5
#282385	#235127	0
#39502	#230910	0
#146217	#34963	5
#85463	#61529	0
#167664	#49647	0
#41905	#10909	5
#22614	#15874	0
#41902	#36801	0
#58293	#33757	0
#65883	#90294	2
#162943	#62969	5
#18140	#207610	0
#82542	#18938	0
#128954	#202276	0
#83142	#24078	5
#317284	#220202	0
#66340	#102739	0
#23558	#202771	1
#41293	#25194	5
#14492	#31945	0
#48721	#21867	5
#67529	#130471	5
#195255	#226733	0
#3464	#208100	5
#3467	#252248	5
#97762	#18424	5
#186613	#101823	0
#97538	#50955	0
#119236	#42311	5
#32603	#108170	0
#84939	#113057	5
#35551	#17095	2
#57244	#34226	0
#136645	#208379	5
#33738	#43291	0
#203051	#6203	0
#48929	#307288	3
#163368	#2028	0
#4090	#109922	0
#58423	#61053	5
#80609	#202368	0
#61808	#85590	5
#28366	#207892	5
#87391	#80538	0
#78857	#65583	0
#23774	#31215	0
#136513	#98191	0
#22040	#121900	5
#25029	#203001	5
#158682	#318505	3
#5145	#25996	4
#193566	#205826	0
#309279	#233338	0
#115741	#11645	0
#63599	#120102	0
#17753	#26251	5
#17752	#16072	5
#124252	#92739	5
#67741	#130201	0
#63045	#115545	4
#97993	#100809	5
#26126	#82302	0
#305161	#71596	5
#43298	#122614	0
#43527	#210519	1
#88449	#24278	0
#47459	#59374	5
#119708	#310337	5
#317616	#234135	5
#82317	#80053	0
#29383	#42557	4
#31076	#45412	5
#293671	#204735	0
#64850	#231097	5
#12890	#7839	5
#30075	#37632	4
#310244	#255717	5
#292329	#233238	0
#167276	#46864	5
#23309	#54049	3
#46215	#18984	0
#195731	#7193	3
#290674	#71621	0
#84415	#3386	0
#75955	#97258	2
#30613	#208830	5
#59963	#31779	0
#34607	#230078	5
#198581	#235611	0
#37482	#145	5
#98075	#35347	5
#12945	#119668	5
#12947	#236459	4
#38116	#58415	5
#172027	#90152	4
#68972	#51386	5
#59361	#216791	5
#59362	#216489	4
#27388	#3060	0
#197802	#318799	3
#311751	#235863	0
#30293	#311239	5
#23178	#51376	5
#121047	#44569	0
#169419	#98496	0
#73184	#80592	0
#317162	#202166	0
#18041	#29674	0
#13449	#794	0
#65898	#209820	5
#27074	#121731	5
#212861	#314152	5
#93538	#74859	2
#146089	#216384	0
#70234	#37181	0
#85278	#218014	5
#77409	#130306	0
#77404	#89946	0
#133913	#44720	0
#153095	#23586	0
#57013	#31255	0
#326927	#135387	5
#137937	#201433	5
#48738	#202111	0
#175354	#220889	0
#182901	#208474	5
#3478	#67226	5
#72211	#107213	0
#138908	#208316	5
#97542	#28968	5
#57471	#38440	4
#193709	#58964	5
#317344	#236482	4
#179202	#234641	5
#30833	#251961	5
#595	#3027	4
#327035	#203983	0
#76139	#865	0
#98673	#6394	5
#20169	#12221	1
#92663	#29024	5
#21541	#109723	5
#306686	#232749	5
#58430	#207975	5
#29712	#33545	0
#29717	#83099	0
#184979	#252064	5
#67134	#47810	0
#37836	#218	5
#73969	#63409	5
#21460	#109085	3
#163052	#12013	0
#154030	#17022	0
#29537	#71728	4
#43602	#6270	5
#76667	#104516	4
#160701	#115869	0
#76668	#39193	2
#44271	#78540	0
#63050	#28327	5
#187532	#1754	0
#74827	#5258	5
#29159	#107280	5
#29622	#75772	4
#67264	#48328	4
#23723	#6044	0
#58832	#14073	0
#23945	#7219	5
#22148	#16253	0
#131465	#30162	0
#148102	#245936	5
#91318	#5684	4
#47468	#58053	0
#115646	#121166	0
#84138	#127839	5
#81948	#86583	0
#181476	#239207	5
#317621	#231671	5
#28954	#128516	5
#68163	#4667	5
#49114	#227721	5
#1270	#89248	5
#67312	#35322	0
#45643	#202750	5
#131887	#63125	5
#151378	#76682	0
#16677	#251154	5
#27867	#208114	5
#268450	#8424	0
#214304	#230611	0
#85867	#539	5
#171663	#50081	0
#15877	#246645	0
#80963	#199424	5
#59972	#10001	4
#169713	#126956	0
#373938	#23576	5
#18546	#227305	5
#161766	#204684	5
#97949	#15569	5
#34294	#23074	0
#61364	#308152	1
#74691	#13875	0
#78525	#108926	0
#92921	#4179	5
#81762	#4450	0
#138229	#235740	4
#41856	#308848	5
#282814	#121640	0
#94410	#16523	0
#66219	#128736	0
#57310	#231621	0
#149851	#78487	1
#61568	#4361	5
#157122	#245913	0
#156926	#100425	0
#66691	#130741	0
#83833	#77974	1
#32995	#85703	5
#32991	#2861	0
#169573	#12765	0
#153958	#11257	0
#47864	#3260	2
#59797	#6630	3
#61417	#111860	5
#177999	#126314	0
#73282	#31479	0
#46847	#91460	0
#84818	#13955	5
#153222	#74503	0
#77980	#131608	2
#57489	#68276	0
#32276	#126386	3
#78703	#136	0
#115504	#315479	5
#38851	#32856	0
#193734	#971	0
#179210	#6717	0
#46442	#82739	0
#291877	#208036	5
#152956	#82237	0
#97316	#31653	5
#92490	#31317	5
#38587	#120546	0
#47644	#1142	5
#77611	#31979	0
#92470	#80107	2
#62197	#58369	0
#24714	#30554	4
#163728	#116128	0
#39218	#43626	5
#48670	#208635	5
#32571	#10950	4
#124497	#21163	0
#133340	#322324	5
#43618	#246044	0
#43612	#246502	0
#43341	#123156	5
#46057	#127914	5
#171690	#8868	0
#62992	#78223	5
#28810	#89388	5
#37912	#28319	5
#37911	#37283	5
#305366	#251511	5
#137137	#231837	5
#4611	#135742	5
#180790	#33491	5
#317637	#318086	5
#318111	#210229	5
#76374	#38415	0
#1372	#32418	0
#151146	#1437	0
#49107	#232507	5
#275330	#138498	5
#22712	#236792	5
#4500	#246809	5
#64474	#246676	5
#150366	#63215	0
#5050	#39317	4
#5670	#87813	5
#15800	#200122	0
#69554	#27183	5
#27876	#114350	5
#189416	#123211	0
#44698	#37695	0
#21063	#56942	0
#16113	#23572	0
#156533	#273576	0
#60172	#93864	0
#27678	#96413	5
#88082	#91034	0
#181076	#137367	0
#59940	#36424	5
#57854	#101502	5
#17663	#66361	0
#39440	#118847	5
#39446	#121918	0
#94225	#28946	5
#94552	#205234	0
#21436	#30809	5
#164853	#16296	5
#193057	#204620	0
#184563	#43811	5
#189847	#91080	5
#184569	#43812	1
#19228	#201611	2
#44230	#21971	5
#86489	#53296	5
#15003	#221428	5
#37222	#14530	0
#174623	#4346	0
#18999	#217508	5
#192493	#67054	0
#183320	#200461	0
#184785	#221850	5
#23329	#32452	5
#157596	#8707	5
#26507	#28249	5
#4987	#9383	0
#323967	#209156	5
#191167	#125197	0
#194404	#270628	3
#303901	#234324	5
#146559	#261279	0
#32748	#8539	5
#169980	#132975	5
#8381	#21916	0
#306279	#322045	0
#316206	#322155	4
#48714	#256105	0
#603	#65271	0
#180232	#217769	5
#145779	#36245	0
#136	#21112	0
#131	#1550	0
#72543	#4069	0
#36317	#12926	0
#326873	#135339	3
#174346	#7563	5
#62214	#31546	0
#36311	#24773	5
#57459	#232643	5
#3982	#208364	5
#86126	#53161	2
#161186	#241214	5
#154653	#43097	0
#24010	#71706	5
#311425	#122604	0
#310824	#233491	5
#286925	#55717	5
#37853	#89560	5
#192717	#133288	5
#37859	#106821	5
#317259	#201501	5
#91060	#216877	5
#49047	#235848	5
#28025	#9407	0
#43374	#124213	4
#29289	#90281	5
#158780	#106022	5
#24340	#203807	3
#221677	#310813	0
#25534	#37116	5
#67066	#12909	0
#57145	#275240	5
#98785	#80035	5
#137129	#309436	5
#86345	#216823	5
#90423	#32602	0
#151689	#48763	0
#180784	#218951	5
#68098	#42196	0
#317647	#235985	5
#2868	#93756	5
#68096	#11878	0
#95722	#60867	0
#78	#96471	0
#45660	#122475	5
#74	#8833	0
#20218	#102839	0
#1568	#267495	5
#191979	#204695	5
#60369	#128933	0
#63810	#30728	5
#123527	#97395	0
#27847	#12624	0
#38630	#32137	4
#75341	#132990	0
#19725	#314517	0
#98320	#66367	2
#64263	#49605	0
#325432	#16952	0
#16277	#312754	5
#44756	#43431	4
#89283	#113947	0
#151934	#38531	0
#194659	#58284	0
#85597	#62360	5
#98224	#52805	5
#61898	#4520	0
#59950	#95525	0
#137901	#36054	0
#18525	#95680	0
#198931	#235248	5
#890	#38721	5
#3703	#207902	4
#47228	#309599	3
#287119	#128823	0
#317860	#260826	5
#157213	#53125	0
#270154	#252824	5
#188659	#69721	5
#56401	#32874	5
#33910	#15422	0
#134765	#308115	5
#54182	#6236	5
#18295	#15380	5
#94943	#38016	5
#41834	#52110	5
#94940	#42717	5
#27599	#105766	0
#94125	#70321	0
#61381	#22510	5
#41122	#89127	0
#14728	#22445	5
#36276	#116198	0
#159973	#68495	0
#46864	#244439	5
#84882	#7961	0
#158153	#233702	2
#14344	#23793	1
#33171	#315859	5
#32172	#123591	4
#97798	#38174	5
#32886	#81414	0
#45060	#203569	0
#113029	#33758	0
#92308	#115090	4
#145707	#34014	5
#58139	#52797	0
#632	#49527	0
#78764	#115900	5
#57669	#308114	3
#145	#31856	0
#48875	#318179	2
#97778	#117492	5
#24644	#78504	0
#121553	#251401	5
#83272	#51443	0
#57117	#234274	5
#57113	#97322	3
#97485	#30842	5
#32089	#52014	5
#86139	#61821	5
#97481	#22562	5
#167802	#59279	5
#78611	#55	4
#3086	#110362	0
#14977	#320408	5
#57568	#317175	5
#77670	#11310	3
#317261	#208867	4
#178477	#253113	5
#17016	#128307	0
#149014	#43920	5
#191610	#25346	0
#283611	#113610	5
#76491	#112162	3
#1484	#12269	0
#63797	#67975	5
#19852	#14379	0
#46677	#121270	0
#23648	#63169	0
#4291	#296172	0
#179235	#87907	0
#4671	#31267	0
#22171	#201844	5
#29472	#88497	5
#22377	#33879	5
#199829	#10795	0
#98686	#64326	5
#46782	#91730	5
#191634	#204739	5
#62158	#49424	0
#200358	#206534	0
#151189	#75258	0
#85857	#79717	5
#67697	#98979	0
#99254	#199442	4
#43141	#121868	4
#15801	#307146	5
#63175	#252584	1
#131782	#199710	0
#81820	#46107	0
#78160	#888	1
#63776	#204544	5
#17662	#13672	3
#123401	#34738	0
#20931	#33901	0
#27612	#2127	0
#69111	#138482	5
#61150	#315007	1
#64748	#11357	5
#885	#228539	0
#22203	#102102	0
#11236	#18924	5
#115261	#199717	4
#191966	#205712	5
#317873	#40944	0
#84524	#8073	5
#37201	#91433	0
#11058	#116794	0
#190214	#88368	0
#277175	#313615	5
#26320	#235972	4
#60556	#2615	5
#56412	#132	5
#88199	#62182	5
#70145	#31669	0
#2708	#58799	5
#73149	#95485	2
#61208	#7808	5
#125064	#253907	5
#73145	#64075	5
#306818	#208675	5
#287183	#58722	5
#135228	#51486	0
#292441	#85087	0
#125668	#274309	5
#66763	#1882	0
#189082	#97932	5
#33145	#247130	0
#13575	#129338	0
#66643	#12561	5
#216767	#76853	0
#57720	#26624	5
#89759	#73161	5
#146590	#45032	5
#304885	#82890	0
#175391	#15275	0
#3432	#23611	0
#66790	#28925	1
#178044	#131315	0
#134405	#13172	5
#78592	#81	0
#135132	#5236	2
#266888	#208962	1
#97744	#59753	5
#92518	#80021	0
#168019	#122279	5
#317302	#203897	0
#217740	#231680	0
#21640	#19727	0
#178606	#24069	5
#96168	#103166	0
#121819	#231713	5
#111796	#231705	5
#46415	#123727	0
#304883	#208317	1
#58691	#79713	0
#145822	#15079	0
#157332	#53417	5
#115465	#60353	5
#178864	#67693	0
#48998	#200266	5
#24582	#71738	5
#48992	#61689	0
#155856	#8222	0
#77667	#115362	0
#87619	#17319	0
#13350	#201788	5
#53930	#81692	5
#177940	#38965	5
#97583	#126522	5
#62945	#22458	5
#29262	#90168	0
#28044	#203584	5
#67447	#93902	0
#159910	#121764	5
#29661	#208015	0
#19840	#49977	5
#127246	#97007	0
#39312	#57634	0
#46662	#122688	0
#4668	#65460	5
#22045	#17864	0
#22694	#2286	5
#317462	#203909	5
#317461	#251582	5
#191648	#204703	0
#4065	#104616	0
#165993	#133022	0
#29310	#9015	5
#29087	#209026	5
#85827	#79054	0
#52062	#14499	0
#151533	#118104	3
#98341	#44696	0
#79209	#12971	5
#39142	#251499	5
#60897	#113412	1
#5530	#13731	5
#60416	#63129	0
#30315	#8480	0
#181646	#95560	0
#148720	#32645	4
#18870	#80686	0
#180741	#252793	5
#24781	#68860	5
#317849	#110163	0
#317687	#310373	5
#95182	#53713	0
#60304	#50499	0
#37273	#231269	5
#37274	#307611	1
#23120	#114781	4
#92316	#63643	0
#68857	#61084	0
#16830	#60813	0
#84441	#61246	5
#71256	#132382	5
#134091	#66493	5
#149740	#207838	0
#41815	#113608	5
#27557	#43440	0
#201675	#307938	5
#287775	#235038	5
#1137	#71619	3
#18652	#118813	5
#96604	#93463	5
#73550	#49777	0
#37785	#321895	0
#310520	#235703	5
#59046	#135428	0
#145033	#134794	0
#61459	#56075	5
#23337	#4648	0
#69917	#31357	0
#15768	#10089	3
#20470	#16700	0
#24439	#31137	0
#116038	#40435	5
#286577	#116263	5
#18094	#77345	0
#197822	#233445	5
#78589	#94	3
#84992	#102226	0
#97758	#221112	5
#38812	#310146	0
#97755	#65215	5
#65941	#135344	0
#74873	#136296	4
#146631	#91189	4
#65807	#204333	0
#123984	#51924	5
#23246	#1902	0
#152999	#312087	0
#116105	#314778	5
#78635	#50257	5
#97515	#118959	5
#291713	#208765	0
#176254	#218264	0
#79160	#14372	0
#66106	#7819	4
#77497	#34116	5
#120353	#40490	0
#86203	#43044	0
#49032	#313005	0
#28698	#225124	3
#49037	#60684	5
#178251	#248188	5
#304875	#308292	5
#179380	#207195	0
#38963	#60613	5
#91291	#62098	0
#62953	#34826	5
#19877	#15234	0
#21405	#221822	5
#187587	#216833	0
#23665	#107604	5
#186	#80055	5
#13030	#117452	5
#32442	#246179	1
#32443	#280	3
#39364	#135568	5
#293728	#129361	0
#133277	#64548	5
#137776	#202618	4
#70549	#68987	0
#4497	#73783	5
#22681	#1699	4
#133053	#199926	5
#43304	#122641	5
#43307	#124762	4
#80682	#135274	0
#29303	#123951	5
#304095	#247252	0
#62734	#126113	0
#98577	#31609	5
#95534	#114720	4
#96629	#28508	0
#283412	#247211	0
#1444	#1313	0
#63755	#123596	5
#17685	#15331	0
#31160	#20037	0
#63994	#208092	5
#44011	#97725	0
#90019	#76084	5
#89033	#217674	0
#47215	#102757	5
#75736	#130098	0
#57891	#79323	0
#176094	#80066	0
#123042	#228774	3
#117353	#235657	5
#46341	#248034	1
#30944	#220312	2
#129613	#256406	2
#30768	#9180	5
#93665	#12811	5
#277159	#106221	5
#166760	#6433	5
#122246	#102298	4
#18404	#28211	5
#57963	#221532	5
#12814	#199970	4
#81480	#83339	5
#32981	#63888	5
#20862	#8769	1
#61261	#80854	5
#17809	#16614	0
#37083	#275479	5
#70292	#51933	0
#93064	#91813	0
#74264	#55314	0
#116249	#204497	0
#192871	#206701	3
#171835	#62267	5
#23323	#203938	5
#69903	#1041	0
#3384	#5894	0
#224899	#236748	5
#135445	#226855	5
#3145	#38444	0
#175537	#52597	5
#125766	#115236	0
#168321	#4954	5
#66248	#41250	5
#57637	#255467	0
#32856	#26818	0
#72296	#18952	0
#98812	#83746	4
#93848	#31540	2
#59678	#33650	0
#284031	#207302	5
#209313	#287632	2
#209644	#231722	5
#206145	#281757	4
#14799	#29832	0
#776	#80865	5
#199324	#233337	5
#73905	#3636	0
#62189	#20356	0
#145206	#41478	0
#184916	#123359	5
#3566	#99112	0
#86766	#50293	0
#154050	#220630	5
#28441	#9886	0
#206431	#38819	0
#207942	#201569	5
#199253	#235962	5
#192047	#61943	4
#127245	#60479	0
#77732	#32389	0
#13026	#9974	5
#62560	#246114	5
#29641	#41213	5
#196116	#233208	0
#49311	#86949	5
#49312	#86950	2
#20787	#121808	0
#71770	#22922	2
#68050	#62102	4
#17851	#25628	0
#25143	#78073	5
#90487	#7608	0
#64428	#20499	0
#99767	#208423	0
#317445	#260914	5
#38517	#235734	5
#20097	#59830	0
#1523	#100491	0
#45420	#244520	0
#42901	#125053	5
#62106	#42879	4
#89132	#98309	5
#98367	#7897	5
#29561	#46477	0
#154941	#43674	5
#166301	#17388	3
#63969	#246022	5
#137432	#2941	2
#63742	#246478	5
#71088	#39086	5
#44000	#79317	5
#274230	#61661	0
#16928	#310927	5
#308596	#229181	5
#5094	#116165	5
#56570	#59852	5
#64282	#208019	1
#43593	#208428	2
#126392	#5955	4
#2884	#96522	5
#46352	#47276	5
#61055	#32053	1
#61053	#202708	5
#19099	#6288	5
#158911	#41155	5
#308623	#236068	5
#11663	#56386	5
#26316	#235832	5
#69017	#108904	0
#57972	#235125	4
#57971	#216418	0
#68878	#130940	0
#95273	#104520	5
#157814	#109125	4
#183935	#104923	5
#38695	#251347	5
#19321	#133340	0
#157632	#66752	0
#14763	#29296	5
#85371	#39653	0
#66472	#101954	0
#70626	#15287	0
#43928	#120052	5
#14893	#31780	2
#9143	#55389	5
#61876	#12387	5
#82077	#219826	0
#160016	#107996	2
#145699	#83169	0
#33407	#248852	5
#137987	#208934	0
#142483	#88244	0
#172898	#132345	0
#146122	#48552	0
#90351	#59575	0
#38233	#20260	0
#281016	#254978	3
#97733	#50732	5
#72260	#132486	0
#89654	#72168	1
#86178	#217771	0
#20527	#83785	0
#65822	#25213	5
#53897	#29235	5
#145878	#121068	0
#145053	#207678	1
#188365	#59229	5
#92897	#28069	5
#116167	#319509	5
#520	#31136	0
#24777	#50361	0
#162654	#21619	0
#91767	#103298	0
#73911	#111960	3
#1731	#55869	0
#49018	#98194	2
#154040	#19666	2
#14431	#19706	5
#113316	#41800	5
#3359	#63121	5
#28477	#44388	5
#7852	#29324	5
#35669	#72112	0
#24311	#103359	3
#77743	#137779	0
#76291	#4741	0
#317536	#251167	5
#87556	#216973	2
#29657	#60141	0
#174809	#216985	4
#20790	#8262	5
#154427	#96399	3
#309181	#127330	4
#17027	#201825	4
#310183	#309936	0
#137531	#3470	0
#86407	#216584	0
#91813	#18854	0
#91811	#128859	0
#62115	#239825	5
#200464	#51143	5
#90142	#94251	0
#120864	#51733	1
#43106	#120451	5
#78127	#131360	0
#90382	#218855	0
#147756	#249723	0
#158621	#4362	0
#31363	#23347	0
#98556	#20400	0
#46295	#82781	5
#4101	#80378	0
#43212	#121586	5
#172092	#30708	4
#161797	#39148	0
#81261	#83076	3
#5507	#82309	5
#287333	#208199	5
#90030	#113101	5
#95602	#222603	0
#46369	#123679	5
#84783	#60077	0
#15375	#200259	5
#30219	#210343	5
#82258	#12266	0
#61062	#307521	5
#175730	#40567	0
#61066	#78283	5
#30740	#54970	5
#98165	#30420	5
#26364	#231887	5
#177351	#2065	4
#304295	#321597	4
#85143	#91035	4
#70104	#30815	0
#57985	#94582	0
#12875	#7099	5
#65163	#2651	0
#84491	#8832	0
#16179	#17710	4
#189999	#221280	0
#33326	#41293	4
#14931	#233487	5
#62323	#126212	0
#139213	#208938	5
#84680	#50856	5
#66864	#33799	0
#26761	#204124	5
#78240	#32	5
#316728	#201505	5
#157734	#7264	0
#99384	#251933	5
#88005	#51378	5
#14335	#23727	5
#14331	#20150	0
#145685	#308396	0
#3166	#247464	5
#23307	#97771	0
#159894	#125919	1
#92950	#43215	0
#38240	#41756	5
#18208	#221920	5
#18758	#16902	0
#83756	#67049	0
#36378	#28805	4
#57161	#32682	3
#32871	#99523	5
#688	#14025	0
#36572	#66827	5
#23272	#289338	4
#41408	#38648	0
#76991	#138049	0
#189975	#222576	5
#72674	#6011	0
#1939	#109410	5
#178132	#222715	0
#152252	#100974	5
#46763	#90303	5
#92175	#78816	0
#29692	#135747	0
#317235	#261554	5
#1724	#39954	0
#1725	#49535	0
#35471	#25471	5
#33610	#39343	5
#119861	#255500	2
#86093	#64004	5
#79750	#208063	5
#177905	#3886	3
#96076	#6754	5
#138439	#115137	0
#25541	#64337	5
#28310	#228344	5
#39351	#60191	3
#120259	#43416	0
#186642	#28212	1
#293716	#98167	0
#155947	#97704	5
#22906	#62383	0
#44660	#37723	5
#76972	#95100	0
#161102	#13736	5
#76754	#83753	5
#25306	#14598	0
#7914	#68895	5
#144135	#5247	5
#46192	#75228	3
#72891	#42892	0
#186465	#121000	5
#1297	#206936	2
#29229	#78635	0
#118870	#247320	2
#159705	#199327	5
#192000	#26628	4
#166850	#48335	0
#25050	#254349	5
#47911	#114624	5
#98385	#102312	0
#43661	#45034	0
#28881	#12773	5
#47575	#81186	5
#186068	#111685	2
#43260	#127908	0
#71750	#50250	0
#22497	#34032	5
#22491	#241287	5
#22277	#6075	5
#26792	#9556	0
#155768	#44922	0
#146924	#220685	5
#65711	#308226	0
#26803	#122400	0
#21109	#9892	5
#46172	#74780	5
#21107	#112325	5
#34050	#13946	0
#74412	#83293	5
#34231	#20830	0
#69034	#42772	0
#2354	#118439	0
#37503	#609	5
#308640	#6689	5
#373847	#63076	5
#169642	#104950	5
#2994	#317233	5
#16167	#247467	5
#37439	#261043	4
#37431	#207882	0
#41743	#62343	5
#19341	#52482	0
#59260	#135259	5
#45881	#109301	0
#43905	#9120	5
#174581	#106946	0
#18321	#32952	0
#98022	#33282	5
#98023	#78701	5
#98025	#619	5
#47028	#124719	5
#19509	#77261	0
#189361	#216610	5
#167537	#1067	5
#93093	#37468	3
#33420	#63736	5
#20432	#76708	0
#189380	#114854	5
#178034	#44841	4
#43879	#216	5
#68814	#12851	0
#37298	#134911	0
#8865	#236418	5
#56643	#59368	0
#277613	#209353	4
#143313	#121807	5
#59642	#82485	5
#283909	#202311	5
#58735	#99958	4
#23201	#90811	0
#74830	#218479	5
#78671	#97	0
#89478	#13911	0
#175477	#247150	5
#145890	#36391	0
#93561	#217566	5
#125166	#51183	2
#9797	#90195	2
#58351	#38596	5
#193680	#206766	5
#45234	#70245	0
#293892	#311886	5
#9220	#298235	0
#28419	#236728	5
#58288	#92781	5
#289200	#247968	5
#98712	#66484	0
#98713	#67623	5
#139828	#31296	5
#3809	#56480	5
#77769	#68726	4
#37998	#50161	2
#37990	#49096	0
#323655	#23944	5
#53183	#24812	5
#47715	#102392	5
#89697	#45364	3
#3930	#208901	0
#28254	#222499	4
#23424	#6621	0
#17797	#69363	5
#220288	#66963	5
#155372	#553	5
#317431	#307723	5
#171746	#61634	5
#38524	#135876	5
#85992	#61583	5
#17315	#68211	2
#124569	#221841	4
#87931	#56860	0
#62916	#66214	5
#44943	#218473	5
#44940	#48953	5
#4346	#96634	5
#22005	#68201	5
#316859	#310096	5
#304058	#307257	0
#25062	#88473	5
#81844	#63759	5
#63716	#108565	5
#72930	#4541	5
#68062	#133097	0
#89070	#218173	0
#26909	#64457	4
#177027	#246090	5
#142976	#40533	0
#173580	#219672	5
#127922	#247551	5
#30507	#101806	5
#65708	#60137	4
#15951	#135613	0
#15955	#49532	5
#324533	#68572	5
#171563	#136923	0
#81778	#32870	0
#64035	#232472	5
#75862	#105669	0
#63863	#204556	5
#38080	#44905	0
#6051	#60558	5
#183960	#220451	5
#134045	#238251	0
#38645	#201035	0
#70124	#26459	0
#30348	#42328	5
#164982	#53305	4
#95668	#62706	5
#65146	#74041	5
#33150	#26865	0
#138369	#201668	5
#114696	#208324	0
#185704	#54172	5
#27505	#108218	0
#277284	#95072	5
#173121	#96304	5
#162624	#234270	0
#59922	#315760	3
#189371	#64439	5
#84582	#32396	0
#57328	#17005	5
#209044	#109675	0
#27348	#107290	5
#33298	#30712	0
#166588	#74219	0
#81991	#106237	5
#27181	#77520	4
#286500	#37781	4
#94750	#74207	0
#45041	#126315	0
#13249	#84776	5
#23682	#44645	5
#135020	#38634	0
#96877	#62448	5
#3031	#315865	4
#278942	#98858	5
#117152	#66848	0
#57743	#16248	3
#199479	#207702	5
#199472	#219656	5
#154764	#88370	0
#35455	#135811	3
#86522	#63373	5
#28405	#80082	5
#294352	#129789	5
#22852	#70609	4
#317097	#309038	5
#92579	#1441	0
#58721	#129763	0
#77597	#95049	0
#77773	#45735	0
#77775	#221157	0
#119209	#204758	5
#76316	#53361	5
#249	#31820	0
#57233	#51927	0
#63521	#8337	0
#73898	#10709	0
#316156	#309289	1
#25324	#16328	2
#90995	#112747	5
#87586	#221043	0
#283596	#234875	5
#17811	#319841	4
#29117	#209943	5
#46776	#101249	5
#91134	#83588	0
#91136	#72391	5
#13117	#247809	5
#1071	#60645	0
#220366	#67060	0
#124357	#234629	1
#91824	#44886	0
#86457	#6487	5
#158093	#36174	0
#4574	#242372	2
#210642	#53170	3
#67359	#17488	0
#63384	#7208	0
#197118	#255288	5
#31287	#228721	5
#43393	#125003	5
#43391	#121768	0
#141896	#65883	0
#24858	#90946	0
#16568	#246677	5
#191737	#205380	0
#305193	#226513	0
#62653	#208798	5
#43243	#121737	5
#95249	#105553	0
#16744	#56659	5
#1892	#59835	5
#38720	#210380	5
#23981	#10047	5
#130151	#82179	0
#163186	#73555	0
#19	#37928	5
#63679	#22479	5
#175894	#226410	3
#140124	#254681	0
#75854	#83564	5
#30089	#8281	5
#56486	#128292	0
#114495	#38149	0
#33128	#35954	5
#36838	#236942	5
#171428	#111786	4
#16187	#8596	5
#19743	#95977	0
#305313	#41263	5
#2027	#37238	0
#50370	#15001	0
#37363	#8050	0
#44551	#121847	0
#20989	#255737	5
#74031	#48836	1
#29807	#247922	0
#167511	#131138	1
#85530	#18017	5
#70069	#48672	0
#324181	#60225	5
#99807	#59739	0
#94526	#106692	0
#279934	#109522	5
#70200	#100667	5
#85241	#128138	3
#157270	#53258	0
#27405	#7523	3
#33284	#124456	0
#165774	#3274	0
#46974	#11454	5
#85405	#217787	0
#66435	#61830	2
#181136	#294511	0
#57350	#248194	5
#164427	#114823	5
#307	#134913	4
#82161	#17347	0
#9333	#70582	5
#195348	#252988	5
#123924	#586	0
#89458	#128007	5
#160187	#56574	5
#73260	#49413	4
#83345	#23628	0
#13874	#49933	5
#3796	#20161	5
#93300	#217969	0
#66360	#76817	0
#59755	#105943	0
#117320	#261325	5
#3647	#248525	4
#147565	#7072	0
#91038	#85719	5
#97512	#82213	5
#279	#220517	0
#58578	#2510	1
#47737	#7244	4
#317571	#200381	5
#58574	#135299	5
#48121	#129505	4
#48123	#6782	5
#48906	#70031	5
#48908	#201476	5
#86623	#27429	0
#154196	#113362	5
#90454	#216858	0
#79278	#32867	4
#148854	#61558	5
#28295	#313412	2
#192744	#291894	0
#171163	#64451	2
#90527	#37728	5
#62398	#26227	3
#1790	#68982	0
#4542	#236882	0
#5099	#38153	5
#67619	#42852	5
#97883	#74157	5
#17979	#207090	5
#166801	#32293	0
#59402	#86360	0
#25006	#12777	5
#72913	#10502	0
#1429	#74757	5
#29105	#129771	0
#200046	#44578	0
#34156	#231692	5
#56328	#4371	0
#19993	#251902	5
#149407	#21232	2
#2831	#112603	5
#126291	#54768	5
#1337	#129898	0
#306438	#109031	5
#11434	#71009	0
#64053	#224174	0
#189483	#73572	4
#194914	#31102	4
#44384	#89251	0
#125979	#115309	0
#92604	#37747	5
#146847	#53370	5
#59837	#104498	1
#69514	#48279	0
#3276	#88463	5
#29968	#98228	5
#39716	#202922	5
#75331	#17597	0
#26292	#233131	5
#317966	#20565	0
#191853	#50677	5
#171435	#96354	0
#193164	#206156	0
#46238	#219613	0
#4962	#13183	0
#81400	#117683	0
#4968	#105109	0
#89232	#119153	4
#78200	#207925	5
#286457	#208127	5
#161737	#228699	5
#138143	#58394	0
#62954	#29035	5
#61021	#67206	5
#61601	#59001	0
#59347	#216455	5
#15513	#8750	5
#287070	#234642	5
#192988	#28836	0
#146193	#86019	0
#89522	#89926	4
#306892	#232661	0
#75156	#60583	0
#85414	#41752	5
#98183	#55679	5
#98181	#128642	5
#70856	#111461	5
#66773	#13438	4
#59697	#114542	0
#89427	#41974	0
#3018	#61666	0
#152215	#129445	4
#45160	#202931	5
#152585	#37444	0
#152584	#200982	0
#18159	#155	5
#74778	#24923	0
#283826	#315312	3
#24053	#209849	5
#96581	#25487	5
#32703	#88503	2
#90901	#219659	0
#48759	#44303	0
#58965	#135456	5
#77373	#13193	0
#260	#829	0
#264	#311150	0
#214283	#225373	0
#192620	#135557	5
#317560	#232204	5
#44882	#44796	5
#57253	#106309	0
#77553	#15099	5
#136653	#14908	0
#281080	#207924	5
#151200	#123347	3
#97322	#42194	5
#3275	#43624	0
#91731	#218293	5
#62895	#236260	4
#62891	#232194	4
#28772	#109494	5
#58413	#210411	3
#31619	#275106	5
#44970	#58308	5
#13136	#226022	5
#67119	#8980	1
#176658	#310635	5
#148926	#17009	2
#28604	#235351	5
