#71645	#107160	1
#43622	#224821	1
#4559	#207330	1
#304555	#235948	1
#98508	#10221	1
#91201	#4345	0
#148262	#31621	1
#46003	#72556	0
#46002	#23270	0
#22612	#61922	0
#68740	#131343	1
#181680	#232709	1
#148123	#37078	1
#75234	#55901	0
#39094	#311471	0
#126060	#115717	0
#45620	#122391	1
#87706	#217444	1
#137295	#247186	1
#208454	#135058	0
#4790	#90311	1
#137293	#125042	1
#64825	#107289	1
#65267	#235768	1
#65265	#101153	1
#65263	#314055	0
#38676	#14531	1
#147587	#19180	0
#23897	#129337	0
#67809	#3198	1
#121275	#44917	0
#38679	#20719	0
#225288	#314565	0
#99225	#247086	1
#180675	#52695	1
#36858	#70402	0
#34385	#91573	0
#84602	#217607	1
#34562	#3498	0
#14103	#55434	0
#18493	#33138	0
#198665	#247018	0
#15295	#235901	1
#69161	#30814	1
#156272	#37707	0
#27644	#222678	0
#93747	#115936	1
#98266	#58808	0
#147451	#87089	0
#123767	#25560	1
#60038	#117411	0
#85064	#94127	0
#30110	#247643	1
#36143	#71874	1
#59356	#216660	1
#54429	#21860	1
#65081	#106968	1
#27463	#65477	1
#57117	#234274	1
#65089	#69758	0
#168956	#39764	0
#214785	#2652	0
#157658	#136238	0
#32029	#68416	0
#138936	#8801	0
#317173	#46245	0
#65882	#90651	0
#152205	#38897	0
#162943	#62969	1
#73248	#38612	0
#145635	#33268	1
#181209	#7934	1
#83362	#57026	0
#97689	#110533	1
#86289	#1133	0
#69739	#31840	0
#121468	#46631	0
#69977	#131866	0
#303867	#246512	0
#86515	#61647	1
#77302	#199041	1
#97208	#59224	1
#97200	#62665	0
#24606	#50504	0
#132185	#3658	0
#303881	#309824	1
#28168	#3952	0
#164663	#320480	1
#84936	#88315	0
#317595	#246864	1
#45560	#96560	1
#172381	#64286	0
#86605	#65448	0
#9177	#236032	1
#92121	#217712	1
#35954	#128065	1
#154682	#131341	1
#28553	#59222	0
#52817	#14305	1
#56314	#254689	1
#92655	#199198	1
#35774	#29458	1
#91875	#90942	0
#37809	#25160	0
#1227	#19488	0
#17353	#254401	1
#186586	#237146	1
#78857	#65583	0
#166828	#98248	1
#22045	#17864	0
#55882	#60079	1
#47526	#51228	1
#62663	#19681	0
#146338	#74323	0
#187524	#237961	1
#88707	#217082	1
#87807	#20528	1
#67743	#139174	0
#97990	#60879	1
#173019	#127978	1
#172547	#131699	0
#68757	#1683	0
#64211	#122218	1
#22429	#14359	0
#151492	#311581	0
#12728	#201514	0
#43293	#122630	0
#88449	#24278	0
#239785	#123483	1
#181441	#233924	0
#46103	#248041	1
#45623	#122399	1
#67985	#138186	0
#201579	#275530	0
#44164	#107116	0
#155668	#70757	1
#95680	#1904	0
#31300	#124524	0
#1914	#210298	1
#67817	#204056	1
#31898	#114212	0
#30470	#202227	0
#68686	#39422	0
#60244	#133349	1
#44768	#43658	0
#84415	#3386	0
#44401	#14881	0
#59963	#31779	0
#34607	#230078	1
#12944	#8229	1
#843	#72255	0
#238944	#134993	0
#115222	#59228	1
#181699	#95904	1
#39461	#210353	1
#82602	#254709	0
#59368	#273579	0
#122427	#236691	0
#41605	#44104	1
#169099	#138076	0
#109695	#124876	0
#65096	#67480	1
#152166	#33804	0
#33251	#40003	0
#30298	#220663	0
#93356	#103572	1
#168946	#90347	0
#4894	#9845	0
#9344	#127389	0
#82390	#78859	0
#13449	#794	0
#165381	#2424	0
#134153	#44212	1
#61572	#22540	1
#165434	#53832	0
#275865	#260861	0
#15660	#107844	0
#14821	#30019	1
#97056	#102796	1
#83602	#29173	1
#73298	#9303	0
#23548	#29039	1
#66355	#138295	0
#57015	#85894	0
#69969	#90977	0
#166221	#68327	0
#86071	#12827	0
#182901	#208474	1
#3477	#120090	0
#132191	#251107	0
#28173	#41489	0
#137853	#236041	0
#87257	#248540	0
#137859	#254012	1
#96124	#7504	1
#5202	#99138	1
#46458	#53746	0
#35965	#70705	0
#327035	#203983	0
#48930	#40366	1
#35963	#77693	0
#35741	#15921	1
#4599	#67341	0
#62874	#231098	0
#46737	#5657	1
#58430	#207975	1
#39267	#109668	0
#149048	#25280	0
#3859	#110528	0
#28371	#52643	1
#49063	#202577	0
#304578	#235679	0
#17929	#11348	1
#43356	#123606	1
#17437	#65018	0
#43355	#123603	1
#62988	#13281	1
#78888	#50777	1
#91260	#19774	0
#197390	#315653	0
#120924	#52893	0
#90791	#80434	0
#123214	#231645	1
#90404	#218984	0
#4404	#8188	0
#46846	#124396	1
#67004	#68055	0
#190733	#88940	1
#2804	#72199	0
#22383	#114609	0
#39676	#15999	1
#39078	#1113	0
#17717	#210822	0
#305484	#254153	1
#317622	#235598	1
#81941	#217481	0
#39070	#307513	0
#45649	#208828	1
#200169	#134956	0
#274106	#88554	1
#65798	#3263	0
#69569	#20525	1
#169628	#131168	0
#172179	#45842	1
#61982	#40071	0
#93746	#47204	0
#44373	#121192	0
#22095	#6501	0
#36874	#101429	0
#64200	#234263	1
#61186	#232987	0
#60690	#9107	0
#95788	#60052	0
#162037	#309597	1
#316751	#14490	0
#18832	#220945	1
#20940	#56524	0
#69417	#30534	0
#57481	#14568	0
#88098	#4349	0
#33803	#105636	0
#164468	#233231	0
#125523	#127625	0
#64061	#30042	1
#34294	#23074	0
#64064	#200180	0
#84719	#104652	1
#147122	#3896	0
#85041	#36876	0
#70738	#45697	0
#82015	#31861	0
#61363	#204427	1
#74696	#11311	0
#135181	#206990	1
#44194	#19080	0
#138229	#235740	0
#121033	#231756	0
#4887	#9976	0
#94783	#23512	0
#30626	#45100	1
#129226	#20407	0
#942	#68109	0
#58158	#37789	1
#13431	#15477	1
#183353	#74229	1
#13435	#14590	1
#73198	#91646	0
#41921	#324	1
#14708	#100292	1
#129555	#14221	1
#34834	#58448	1
#141895	#98475	0
#43985	#14247	0
#161557	#106105	1
#177445	#12409	1
#74213	#94625	0
#77431	#63084	0
#59797	#6630	0
#73770	#11272	0
#33117	#38095	1
#21728	#58557	1
#73282	#31479	0
#86069	#3505	0
#59291	#38247	0
#175341	#19284	0
#306265	#232195	0
#77980	#131608	0
#92320	#63391	0
#66038	#18452	0
#73609	#95751	0
#3440	#2381	0
#3447	#52424	1
#78702	#17	0
#180225	#6145	0
#162702	#91301	0
#144496	#35348	0
#291877	#208036	1
#58331	#208214	0
#47643	#126921	0
#91780	#103301	1
#313125	#201457	1
#1591	#1058	1
#124655	#44867	0
#48678	#255002	1
#86247	#49141	1
#91077	#10037	1
#89963	#50351	0
#76695	#56155	0
#43348	#123119	1
#91529	#63213	0
#119165	#42269	0
#46691	#30311	0
#165893	#2297	0
#24803	#66333	1
#192014	#205772	0
#194722	#4529	0
#20133	#307749	1
#199579	#246668	1
#22150	#111013	0
#303407	#135482	1
#68777	#62389	1
#19957	#207120	1
#314108	#233469	0
#131878	#63064	1
#192120	#107655	0
#5053	#80897	0
#2582	#199988	0
#61684	#43536	1
#38629	#28458	0
#43163	#119883	1
#43162	#119790	1
#44696	#38665	1
#98450	#71748	0
#78144	#10959	0
#84655	#1480	1
#84659	#59125	0
#131476	#8684	0
#34110	#100511	0
#201828	#234196	1
#201827	#312419	0
#151564	#207890	0
#176585	#234163	1
#63155	#15824	1
#69139	#20257	0
#90639	#26721	0
#166031	#31826	0
#315075	#309211	1
#181677	#95325	0
#47094	#23102	0
#47097	#46138	0
#75576	#50184	1
#29856	#68379	0
#2618	#71231	0
#81576	#29434	1
#27451	#80161	1
#27901	#201491	1
#84503	#42606	1
#46907	#96573	1
#70091	#130998	0
#194717	#116451	1
#88170	#104491	0
#89363	#217491	1
#74421	#254195	0
#134591	#119044	1
#45608	#54918	0
#157687	#130696	0
#18266	#238733	1
#192496	#206690	1
#149847	#51881	0
#15643	#20975	1
#302575	#231820	1
#83536	#28595	0
#170855	#218326	1
#46871	#44515	1
#735	#94959	0
#30089	#8281	1
#17606	#49356	0
#41557	#119089	1
#89777	#10344	0
#153727	#85091	1
#48087	#105267	1
#33167	#48673	1
#132357	#203024	1
#65920	#133325	0
#43731	#11139	1
#132689	#241280	1
#13952	#25366	1
#3187	#134860	1
#74648	#132884	0
#182925	#78878	1
#137	#251155	1
#34482	#57923	0
#65965	#135333	0
#167924	#2303	0
#72543	#4069	0
#45333	#63868	0
#45336	#78432	0
#137835	#275025	1
#121833	#311018	0
#46471	#18175	0
#46473	#87027	1
#3237	#310830	1
#14518	#54588	1
#317321	#251508	1
#132539	#128672	0
#276793	#234797	1
#89603	#42581	0
#78604	#90	0
#178625	#235473	0
#54164	#25511	1
#99786	#44892	0
#24729	#1507	0
#92442	#96994	0
#169252	#28944	0
#22193	#236996	0
#49599	#40	0
#179668	#42029	0
#191284	#2717	0
#86907	#85117	1
#45793	#79392	1
#45797	#37230	1
#305370	#38501	0
#90423	#32602	0
#43575	#38115	1
#67206	#10335	0
#17078	#16386	0
#29198	#79286	0
#68541	#207512	0
#88416	#102894	0
#68096	#11878	0
#38553	#109484	1
#140650	#43781	1
#39054	#127001	0
#85908	#129034	0
#38558	#202526	0
#192138	#35800	0
#1565	#33847	0
#67516	#199093	0
#63347	#252724	1
#155690	#95209	1
#31042	#221187	1
#89178	#218885	1
#167241	#11988	0
#38637	#34528	1
#109718	#235113	0
#63144	#16320	1
#60212	#31236	0
#16105	#126715	0
#44530	#90545	0
#302580	#251422	1
#87940	#62915	1
#181069	#41592	0
#177238	#2306	0
#59950	#95525	0
#136018	#209668	1
#139418	#29627	0
#19589	#87360	1
#18523	#204	1
#161984	#2721	0
#75748	#34039	0
#19031	#240059	1
#84515	#23497	0
#189879	#122556	0
#19218	#87686	0
#96964	#57490	0
#60548	#109153	1
#81588	#3196	1
#38018	#30833	1
#98131	#218088	1
#94942	#63656	0
#41837	#106454	1
#13352	#248456	0
#213672	#247342	1
#18453	#87682	1
#61940	#46110	1
#66238	#1340	0
#74031	#48836	0
#8803	#66197	1
#70370	#30702	0
#83984	#100930	0
#14728	#22445	1
#209168	#105848	0
#302565	#97872	1
#4996	#5956	1
#34814	#73937	0
#148524	#75502	0
#82858	#46651	0
#59318	#124511	1
#152082	#136968	1
#66520	#139323	0
#143249	#208590	1
#199914	#30924	0
#33681	#7338	0
#14344	#23793	0
#69934	#62292	0
#183792	#79114	1
#59534	#255034	0
#115560	#108922	1
#65919	#310132	0
#57667	#203382	1
#13961	#18168	0
#57285	#254032	1
#35518	#247771	0
#47799	#102284	0
#167933	#11577	0
#62201	#51679	0
#13987	#204271	1
#48188	#55193	0
#59629	#62295	1
#33575	#261522	1
#144831	#2630	0
#86130	#53716	1
#78614	#536	0
#92275	#59787	1
#72152	#13306	0
#24737	#62824	0
#28584	#310771	0
#196124	#256524	1
#28230	#72351	1
#25351	#28823	1
#48989	#91353	0
#192727	#267886	0
#122927	#125214	0
#48058	#307671	1
#46075	#203250	0
#63797	#67975	1
#76651	#3119	0
#25517	#92727	1
#176737	#6372	1
#4455	#67647	0
#79096	#307	1
#79097	#63943	1
#46676	#127521	0
#63005	#87939	1
#305345	#90335	0
#307677	#80231	1
#71926	#130981	0
#68552	#101080	0
#12767	#234066	0
#29471	#83482	0
#91348	#85646	1
#47417	#74070	0
#35026	#27255	1
#62	#202917	1
#16443	#235822	0
#71636	#40512	0
#5	#24082	0
#20202	#59212	1
#34025	#113528	1
#67503	#130698	1
#67502	#11935	0
#314270	#309396	0
#67693	#52736	0
#63176	#87233	0
#81823	#223001	1
#215530	#229977	1
#31323	#314614	0
#80998	#246396	0
#65695	#113131	0
#61154	#241418	1
#134170	#6562	1
#310370	#209101	0
#19022	#32989	1
#2631	#58371	1
#60375	#47148	0
#191961	#205334	1
#27859	#308578	0
#98331	#622	1
#84529	#30700	0
#60791	#246403	1
#189643	#65769	1
#60793	#101622	1
#27109	#79425	1
#94440	#8614	0
#190181	#61259	0
#70381	#103985	0
#134771	#8240	1
#19444	#7778	0
#95426	#128364	0
#82735	#8071	0
#37684	#207728	1
#195939	#235092	0
#13400	#11341	0
#21862	#113403	1
#184121	#80118	1
#128695	#57121	1
#24644	#78504	0
#33367	#91718	0
#94068	#70236	0
#128431	#308324	0
#32945	#37374	1
#57057	#15867	0
#32942	#68476	1
#33149	#114687	1
#89758	#64302	0
#21105	#208868	0
#45078	#17238	1
#3437	#134003	1
#38207	#246986	1
#266884	#210021	1
#39197	#20383	1
#96699	#38211	1
#144449	#43672	0
#77062	#9185	0
#92510	#85910	0
#96696	#219106	1
#74865	#13038	0
#83244	#216870	0
#57435	#30329	1
#33540	#104725	0
#316314	#319209	0
#46410	#19566	1
#3098	#36082	0
#58693	#116697	0
#113458	#220247	0
#86696	#36865	1
#39221	#43985	0
#39229	#25819	1
#572	#70975	0
#86746	#55134	0
#317279	#255881	1
#62305	#19324	1
#117604	#234201	1
#117354	#234553	1
#161030	#70850	1
#3540	#3033	0
#28045	#90008	0
#1493	#50648	0
#17039	#58718	1
#21479	#253961	0
#76625	#68268	0
#62540	#235684	1
#311639	#234251	1
#32433	#129	0
#62832	#275301	0
#89803	#105458	0
#44802	#34210	1
#43203	#120812	1
#305135	#309986	1
#325745	#25292	0
#28910	#105082	1
#39036	#4622	1
#166962	#40027	0
#76531	#105064	0
#28919	#15771	1
#150352	#107907	0
#17183	#246225	1
#99743	#74372	1
#317460	#314504	1
#46799	#223023	0
#46797	#203940	1
#130240	#1682	0
#180691	#85893	0
#84197	#29687	0
#159740	#65368	0
#162316	#60070	0
#160926	#4023	0
#151532	#122011	0
#39146	#201542	1
#39141	#201367	0
#20307	#26106	1
#140529	#247344	1
#20300	#57388	0
#318093	#60845	0
#173537	#42312	0
#15238	#35547	0
#60413	#7566	1
#24105	#81623	0
#69693	#32132	1
#155725	#44534	1
#90002	#64151	0
#94211	#107320	1
#169757	#204710	0
#19813	#24848	0
#314868	#318414	0
#65594	#68601	1
#16634	#115813	0
#185150	#242205	1
#183867	#79960	1
#27487	#109921	0
#204536	#307334	1
#4844	#79466	1
#15345	#74832	0
#26684	#7595	1
#18471	#202017	0
#34786	#29221	0
#75438	#53350	0
#21879	#17195	0
#41145	#76141	1
#62734	#126113	0
#41149	#307337	0
#29169	#119721	0
#209231	#315551	0
#27001	#229908	0
#81650	#101798	0
#374614	#228422	0
#70286	#53098	1
#91925	#7598	0
#37780	#33640	1
#198080	#234980	1
#37785	#321895	0
#183006	#39150	1
#164021	#30276	0
#187014	#221483	0
#57041	#94485	1
#57047	#308504	0
#15760	#42431	1
#69917	#31357	0
#15768	#10089	0
#69911	#104925	0
#132492	#32676	1
#15567	#91962	1
#120747	#234345	1
#59423	#87586	0
#83472	#204789	0
#93105	#216767	0
#18093	#50735	1
#98800	#81387	1
#77013	#71745	0
#66072	#58947	0
#305161	#71596	1
#123984	#51924	1
#166421	#314235	0
#96754	#44451	0
#58805	#74628	0
#91038	#85719	1
#58641	#68411	1
#24590	#78501	0
#1716	#29940	1
#505	#14058	1
#20686	#41743	0
#87375	#89402	0
#84841	#39051	1
#87377	#15869	1
#58245	#207467	1
#119838	#92877	0
#28106	#75698	1
#199937	#219778	1
#62958	#253138	0
#309098	#246924	1
#67184	#2978	0
#62953	#34826	1
#75502	#95717	1
#26758	#7296	1
#197506	#233467	0
#68530	#1956	0
#154848	#54444	1
#17516	#68555	0
#159421	#84001	0
#63685	#25062	0
#317671	#5203	1
#305433	#232413	0
#77663	#39745	0
#17862	#246087	0
#17190	#228	1
#317479	#260814	1
#325043	#218010	1
#20267	#254635	1
#197767	#233443	1
#64188	#202849	1
#71169	#37826	0
#47327	#46014	0
#47325	#110579	0
#176389	#65112	0
#154934	#73185	0
#57282	#53266	0
#305654	#313464	1
#3058	#20078	0
#39156	#1229	0
#138642	#82098	1
#156996	#14912	0
#193466	#92736	1
#170729	#99827	0
#31160	#20037	0
#68993	#89895	0
#26949	#241972	1
#27725	#125546	1
#68447	#46305	0
#89032	#112438	0
#111766	#49180	0
#75736	#130098	0
#15918	#202611	1
#44498	#124666	1
#60316	#62638	1
#95197	#116405	1
#27941	#60956	0
#142098	#255931	1
#177576	#126168	1
#166167	#312412	0
#143079	#119409	1
#2093	#126513	1
#38685	#97411	0
#61269	#209036	0
#160138	#33740	0
#60626	#41627	1
#188599	#48881	1
#188594	#218082	1
#85544	#28600	0
#165216	#130025	0
#61866	#5720	1
#18316	#60197	0
#32144	#100810	1
#77269	#12249	1
#21794	#50059	0
#135845	#233444	1
#23326	#67009	1
#14315	#19555	0
#14089	#200754	0
#132316	#233653	1
#132315	#62178	0
#310620	#307584	0
#66248	#41250	1
#93117	#76138	1
#181168	#36104	0
#179	#3714	0
#57412	#231915	1
#98812	#83746	1
#97722	#38549	1
#169811	#54325	0
#223071	#135072	0
#294243	#247262	0
#133845	#33389	1
#30549	#118471	1
#41193	#111608	1
#209313	#287632	1
#58075	#96299	1
#92227	#85592	0
#168494	#9252	0
#31006	#37756	1
#88687	#230948	0
#117575	#246844	1
#73900	#13605	0
#57565	#322189	0
#87361	#115135	1
#62369	#63375	1
#83138	#1203	1
#86764	#216585	0
#49006	#27117	0
#149133	#80267	0
#132460	#6165	1
#48026	#95236	1
#76604	#4560	1
#86787	#36277	1
#62018	#103330	1
#29242	#9005	1
#4391	#62940	0
#71882	#39932	1
#127969	#129318	1
#127517	#232063	1
#21417	#208625	1
#87563	#216634	1
#23677	#4576	0
#39376	#65431	1
#153701	#85007	1
#62814	#108881	0
#67083	#38984	1
#22329	#32400	0
#68053	#80555	0
#43207	#120638	0
#72871	#10504	0
#20256	#246659	1
#99763	#60990	0
#5027	#72417	0
#191463	#105210	0
#91282	#98010	0
#43334	#122953	1
#67429	#128152	0
#150601	#73458	0
#16329	#208436	1
#67880	#199213	1
#43118	#119451	1
#95298	#114892	0
#172427	#58960	0
#166309	#95373	1
#126171	#135467	0
#171602	#124202	0
#196977	#204163	0
#137432	#2941	0
#71088	#39086	0
#26953	#108863	0
#19782	#208602	1
#64997	#113367	0
#67956	#138886	0
#63987	#3929	0
#90027	#88319	1
#90028	#16230	1
#64286	#97478	1
#38766	#38509	0
#81320	#1471	0
#3184	#246667	1
#94472	#15126	1
#43885	#119418	1
#200278	#81135	0
#81907	#74696	0
#4863	#32279	0
#61051	#204393	1
#33887	#202523	1
#44467	#29543	0
#303722	#26835	1
#135323	#82248	1
#90316	#10212	0
#304287	#235983	0
#125928	#314903	0
#88306	#20512	0
#2087	#48645	1
#25950	#204773	1
#316667	#315118	1
#33957	#208339	0
#95273	#104520	0
#125453	#247856	1
#143061	#11581	0
#157630	#41253	0
#157632	#66752	0
#59284	#94491	0
#195940	#209989	1
#82413	#8696	1
#14943	#60262	0
#34507	#127387	0
#27573	#44726	1
#34855	#87449	0
#41761	#32046	1
#274145	#229287	1
#14899	#31367	0
#26553	#92070	1
#93051	#25993	0
#26557	#12600	0
#70029	#42353	0
#82077	#219826	0
#165029	#23224	1
#66581	#62748	0
#30997	#11156	1
#290556	#254323	1
#125704	#231772	1
#97733	#50732	1
#152863	#220346	0
#128065	#112844	1
#96733	#217121	1
#96731	#44414	0
#14780	#42164	0
#65828	#77793	0
#191377	#110913	1
#78654	#91	1
#312616	#308296	1
#58629	#54712	0
#121912	#247430	1
#96080	#233764	0
#3628	#208526	0
#167976	#46309	0
#37327	#206912	1
#72063	#3334	0
#72317	#112240	1
#28878	#58911	1
#305256	#123770	0
#29785	#101613	0
#46632	#86800	1
#32461	#56064	0
#35669	#72112	0
#44856	#44457	1
#62578	#63118	1
#28278	#63602	0
#154427	#96399	0
#98489	#8624	1
#91383	#75825	1
#317452	#251462	1
#38508	#254345	0
#141208	#250440	0
#63425	#7763	0
#165940	#91161	1
#191474	#15451	1
#200319	#60157	1
#86954	#41210	1
#87137	#113757	1
#43324	#122758	0
#120864	#51733	0
#43106	#120451	1
#47001	#217667	1
#201997	#121953	0
#90638	#65501	0
#44676	#121254	0
#305071	#307329	1
#90382	#218855	0
#98395	#74209	1
#172415	#116517	0
#16796	#57772	1
#186229	#28251	1
#68288	#52084	0
#151658	#93633	0
#200003	#34572	1
#16004	#53824	1
#151070	#24846	0
#16954	#27257	1
#26784	#9554	0
#192717	#133288	1
#121356	#135483	1
#22240	#12937	1
#69391	#37556	1
#69396	#16751	1
#221375	#51687	0
#42852	#120749	1
#95601	#128080	0
#19668	#109107	1
#64366	#116857	0
#19087	#45673	0
#30967	#13164	0
#25944	#87938	1
#10783	#124754	1
#121288	#233394	1
#96831	#56882	1
#95466	#88582	1
#18938	#203736	1
#18936	#37197	0
#12875	#7099	1
#146806	#4041	0
#45859	#121963	1
#165309	#23840	0
#189999	#221280	0
#19334	#98833	1
#128650	#203954	1
#184678	#209469	0
#194319	#8891	0
#139213	#208938	1
#305887	#231711	0
#154390	#219978	0
#182709	#76122	1
#70036	#95699	1
#2183	#108169	0
#82064	#1174	0
#61485	#206984	0
#13536	#68366	0
#3167	#111965	1
#139103	#39842	0
#184010	#218387	0
#15797	#210042	1
#156296	#220009	1
#77938	#37324	1
#7101	#111537	0
#22919	#61923	1
#135467	#203303	1
#195971	#311854	0
#148722	#122532	0
#38240	#41756	1
#83420	#129170	0
#66264	#45072	0
#73672	#10185	0
#36574	#275263	1
#89665	#126356	0
#32057	#201597	1
#70810	#1391	0
#3763	#23299	1
#128386	#43630	0
#32900	#11037	1
#116172	#320927	1
#149918	#73779	1
#97410	#83667	1
#164163	#132400	1
#97413	#57147	0
#92175	#78816	0
#3906	#202883	1
#32276	#126386	1
#153039	#30459	0
#14446	#26015	1
#161078	#105359	0
#304821	#261472	0
#72306	#23119	0
#77759	#35569	0
#228	#7601	0
#49370	#1016	0
#17231	#59203	1
#57189	#39316	0
#161102	#13736	1
#21024	#69759	0
#119045	#42023	0
#67719	#221564	0
#305405	#251417	1
#38534	#8767	0
#92604	#37747	0
#314763	#220220	1
#162689	#2793	0
#1059	#110122	0
#165950	#91238	0
#1297	#206936	0
#17305	#27194	1
#71198	#35571	1
#71195	#38854	0
#181540	#11496	1
#317636	#251971	1
#28887	#30840	1
#28889	#94576	0
#16541	#26472	0
#22491	#241287	1
#20345	#51635	0
#69659	#38744	0
#182551	#246827	1
#12209	#43722	0
#94254	#4608	0
#42840	#17648	0
#34051	#73564	0
#19653	#16129	0
#31577	#103264	1
#42892	#120098	1
#85682	#12889	0
#30221	#199120	0
#30736	#247896	1
#43715	#120867	1
#169483	#202207	1
#308640	#6689	1
#44442	#120903	1
#74454	#130990	0
#75473	#35572	1
#125434	#307450	0
#16163	#26839	0
#37431	#207882	0
#185461	#260684	1
#23052	#7522	0
#77834	#38747	0
#4935	#98684	0
#277290	#129832	1
#98022	#33282	1
#75692	#101444	0
#78250	#207926	1
#63856	#121234	1
#167532	#11799	1
#85516	#63265	0
#183047	#90235	0
#305111	#247004	1
#37292	#246631	1
#154877	#45930	0
#166596	#36777	0
#70310	#2420	0
#143318	#313955	0
#61254	#62611	0
#70649	#130222	1
#36586	#203126	1
#165319	#84883	1
#47976	#71868	1
#73846	#4948	1
#33046	#31946	0
#59481	#101262	0
#193930	#206477	1
#78671	#97	0
#83691	#34929	0
#96715	#37180	0
#3752	#4020	0
#125166	#51183	0
#97407	#83004	0
#70352	#25692	0
#77165	#130452	0
#136282	#251385	1
#20644	#202235	1
#20640	#313242	0
#178747	#9446	0
#119879	#207865	1
#3339	#12696	1
#167959	#2332	0
#179982	#48759	0
#24332	#16319	1
#67701	#40857	0
#28326	#221900	1
#153252	#112580	0
#153758	#317	1
#62282	#77632	0
#280064	#223617	1
#17797	#69363	1
#29128	#42730	0
#91921	#78892	1
#317436	#307207	1
#67385	#136328	1
#23736	#9350	0
#197306	#233995	1
#200448	#127561	0
#17178	#73064	0
#131567	#116602	1
#107341	#71876	0
#17172	#59034	0
#150474	#4304	0
#95066	#62633	0
#17487	#79035	0
#18420	#77119	0
#159065	#200008	0
#5742	#28913	1
#84019	#16696	0
#72930	#4541	1
#150273	#130970	0
#63082	#238271	1
#38287	#12703	1
#1401	#99888	0
#150278	#29009	0
#26909	#64457	0
#127922	#247551	1
#177022	#310244	0
#190016	#63547	1
#36951	#252295	0
#5369	#208906	1
#175884	#45464	0
#175882	#119352	0
#190273	#243075	0
#26932	#308302	0
#75862	#105669	0
#69282	#8958	1
#63861	#204545	1
#38082	#44785	0
#70128	#91233	1
#47386	#201877	1
#30439	#75901	0
#189710	#242015	0
#75998	#7011	1
#4909	#38826	1
#15409	#55240	1
#201403	#229452	1
#81421	#50473	0
#4905	#1418	1
#59926	#69346	0
#59924	#35937	0
#134608	#19278	0
#37514	#686	1
#82640	#218094	1
#189371	#64439	1
#27980	#81289	0
#14865	#30753	1
#312288	#91526	1
#10348	#92077	0
#61628	#107306	1
#3101	#203771	0
#178020	#221542	1
#27348	#107290	1
#46962	#20520	0
#37288	#83686	1
#290525	#311057	1
#66938	#137689	0
#94750	#74207	0
#165368	#237818	1
#36554	#116807	0
#183388	#87237	1
#45144	#21355	0
#45141	#318870	1
#20519	#312818	0
#96703	#79703	1
#72656	#23120	0
#3031	#315865	0
#57749	#24847	0
#57746	#86669	0
#166678	#139331	0
#30334	#265	1
#93114	#96841	0
#57521	#311167	1
#119991	#121527	1
#199472	#219656	1
#46541	#83741	0
#154764	#88370	0
#87320	#55606	0
#178751	#41063	0
#199078	#27300	0
#178759	#315166	1
#33674	#77871	0
#325348	#21870	0
#69539	#5157	0
#98989	#128783	1
#38882	#105955	0
#45555	#60404	0
#63526	#233150	0
#207270	#307182	1
#66693	#97308	1
#73898	#10709	0
#3921	#1023	1
#3927	#246207	1
#316156	#309289	0
#41966	#7416	1
#17022	#208094	1
#98638	#127103	1
#24981	#50347	0
#317401	#202418	0
#13114	#275000	1
#168338	#8469	0
#163750	#10503	0
#220363	#319745	1
#49229	#88349	1
#119195	#207443	1
#23722	#49428	1
#158094	#20545	0
#62435	#51053	0
#62433	#59916	1
#97899	#12162	1
#210642	#53170	1
#139768	#245948	0
#5086	#275227	0
#63703	#200495	1
#4686	#70713	1
#162574	#83552	1
#16561	#77321	1
#175892	#42047	0
#191737	#205380	0
#30348	#42328	0
#194010	#204630	0
#22100	#273756	0
#177033	#42138	0
#96581	#25487	1
#163186	#73555	0
#19981	#49358	0
#16696	#208407	1
#176207	#235378	1
#23525	#297386	1
#45604	#122359	1
#21161	#106182	1
#46151	#79764	1
#151337	#66533	0
#211120	#231649	1
#81501	#2628	0
#189496	#64168	1
#59801	#227447	0
#27759	#120918	0
#64802	#8534	1
#75459	#79474	0
#38655	#15339	1
#31132	#309964	0
#194345	#206189	1
#30662	#309862	1
#41896	#56215	0
#95908	#126870	1
#98042	#44629	1
#169592	#90385	0
#138371	#201671	1
#70062	#131880	1
#93716	#27952	1
#143156	#3437	1
#18588	#77653	1
#99802	#16345	1
#66896	#74300	1
#162962	#132446	0
#14871	#95674	1
#85245	#61791	0
#157270	#53258	0
#189815	#217068	1
#58993	#67081	1
#27113	#220242	1
#146277	#220145	0
#169118	#64256	0
#18761	#72156	0
#70844	#24710	0
#188450	#102750	0
#13908	#19444	1
#73647	#96572	1
#146695	#132655	1
#300	#12794	1
#280269	#78802	0
#9333	#70582	1
#195348	#252988	1
#153192	#208447	0
#15610	#234584	0
#37384	#31694	0
#15615	#208781	0
#160187	#56574	1
#183717	#79339	0
#128938	#20599	0
#58379	#3621	1
#59755	#105943	0
#85810	#2905	0
#96605	#290067	1
#14678	#60159	1
#3482	#43746	0
#92563	#64374	0
#145439	#220365	0
#119210	#209834	1
#119212	#201090	1
#132891	#231208	1
#13052	#17952	0
#92582	#10858	0
#44898	#121638	1
#316167	#308310	1
#151934	#38531	0
#20756	#11741	1
#193074	#134957	0
#64682	#66822	0
#86197	#2623	0
#28505	#73039	0
#84921	#37131	0
#154194	#112977	0
#279680	#272911	0
#86846	#52461	1
#305329	#99240	1
#71235	#136699	0
#20287	#5050	1
#46703	#17845	0
#63461	#35899	0
#58401	#220298	0
#98600	#38337	1
#35716	#60338	1
#47606	#121312	0
#29585	#37182	1
#199995	#206620	1
#62425	#47115	0
#43656	#217911	0
#139715	#247599	0
#87489	#25253	1
#166801	#32293	0
#38478	#230299	1
#27340	#95389	1
#49650	#23422	1
#63286	#208285	1
#26101	#234050	1
#31385	#122504	1
#325442	#254158	1
#305147	#226536	0
#305148	#250422	1
#42815	#32166	1
#27714	#115706	0
#46129	#166	1
#64125	#56719	0
#200138	#125408	1
#16647	#57319	1
#373878	#135083	0
#156593	#92903	1
#19759	#96926	1
#149536	#80942	0
#69774	#40708	0
#60130	#9839	0
#15421	#37194	0
#98059	#81566	1
#59311	#73095	1
#134662	#234252	1
#29810	#202421	1
#26723	#233666	1
#75846	#31127	0
#61028	#86116	1
#62954	#29035	1
#15971	#12753	1
#83571	#88982	0
#180293	#262831	1
#184290	#25063	0
#318746	#235312	0
#66957	#35170	0
#34979	#218397	0
#14245	#200838	0
#162822	#64138	0
#32017	#16132	0
#13469	#20701	1
#3013	#79404	1
#131642	#268846	1
#33384	#261310	1
#142500	#77643	0
#132087	#207671	1
#33126	#9021	0
#326901	#314613	1
#46832	#247481	1
#96584	#25720	0
#46839	#77558	1
#69933	#38254	0
#303307	#16152	0
#133972	#21334	0
#303871	#309816	0
#153508	#34584	0
#86051	#79424	0
#145425	#19779	1
#135755	#200985	1
#117661	#314910	0
#145358	#61043	0
#44882	#44796	1
#317568	#310585	1
#62097	#4661	0
#168700	#139271	1
#32172	#123591	0
#20765	#8252	0
#32636	#91370	1
#144354	#3924	0
#3272	#206459	1
#98614	#43619	0
#150193	#78918	0
#25474	#237600	0
#118843	#36836	0
#21369	#134800	1
#58413	#210411	0
#96879	#53748	1
#21367	#253735	0
#91593	#20532	0
#187460	#28515	0
#88602	#32144	1
#57734	#207	1
#94092	#102129	0
#86126	#53161	0
#71536	#28352	1
#78842	#221840	0
